,Song,Artists,text,anger,disgust,fear,joy,sadness,surprise
0,Bad Romance,Lady Gaga,ohohohohohohohohohohohoh caught in a bad romance ohohohohohohohohohohohoh caught in a bad romance raraahahah romaromama gaga ooh lala want your bad romance raraahahah romaromama gaga ooh lala want your bad romance i want your ugly i want your disease i want your everything as long as its free i want your love love love love i want your love hey i want your drama the touch of your hand hey i want your leatherstudded kiss in the sand i want your love love love love i want your love love love love i want your love you know that i want you and you know that i need you i want it bad your bad romance i want your love and i want your revenge you and me could write a bad romance ohohohohoh i want your love and all your lovers revenge you and me could write a bad romance ohohohohohohohohohohohoh caught in a bad romance ohohohohohohohohohohohoh caught in a bad romance raraahahah romaromama gaga ooh lala want your bad romance i want your horror i want your design cause youre a criminal as long as youre mine i want your love love love love i want your love uh i want your psycho your vertigo shtick hey want you in my rear window baby youre sick i want your love love love love i want your love love love love i want your love you know that i want you and you know that i need you cause im a free bitch baby i want it bad your bad romance i want your love and i want your revenge you and me could write a bad romance ohohohohoh i want your love and all your lovers revenge you and me could write a bad romance ohohohohohohohohohohohoh caught in a bad romance ohohohohohohohohohohohoh caught in a bad romance raraahahah romaromama gaga ooh lala want your bad romance raraahahah romaromama gaga ooh lala want your bad romance walk walk fashion baby work it move that bitch crazy walk walk fashion baby work it move that bitch crazy walk walk fashion baby work it move that bitch crazy walk walk passion baby work it im a free bitch baby i want your love and i want your revenge i want your love i dont wanna be friends je veux ton amour et je veux ta revanche je veux ton amour i dont wanna be friends ohohohohohohohohohohohoh no i dont wanna be friends caught in a bad romance i dont wanna be friends ohohohohohohohohohohohoh want your bad romance caught in a bad romance want your bad romance i want your love and i want your revenge you and me could write a bad romance ohohohohoh i want your love and all your lovers revenge you and me could write a bad romance ohohohohohohohohohohohoh want your bad romance caught in a bad romance want your bad romance ohohohohohohohohohohohoh want your bad romance caught in a bad romance raraahahah romaromama gaga ooh lala want your bad romance,1,0,0,1,0,0
1,Beautiful Monster,Ne-Yo,all my life and the hereafter ive never seen seen one like you youre a knife sharp and deadly and its me that you cut into but i dont mind in fact i like it though im terrified im turned on but scared of you oh shes a monster beautiful monster beautiful monster but i dont mind and i need her said i need her beautiful monster but i dont mind no i dont mind i dont mind i dont i dont mind no i dont mind i dont mind i dont i dont mind no i dont mind i dont mind i dont i dont mind no i dont mind i dont mind i dont i dont mind in her eyes theres love and fire and my heart shes burning through but i dont mind in fact i like it though im terrified im turned on but scared of you shes a monster shes a monster beautiful monster beautiful monster beautiful monster beautiful monster yeah but i dont mind i dont mind and i need her and i need her said i need her said i need her beautiful monster whoa but i dont mind i dont mind i dont i dont mind no i dont mind playing with my heart mmm and shes playing with my mind and i dont mind i dont i dont mind no i dont mind i dont i dont mind no i dont mind i dont i dont mind no i dont mind i dont i dont mind and i dont mind i dont mind i dont i dont mind said i dont mind i dont mind i dont i dont mind and i dont mind i dont mind i dont i dont mind beautiful monster shes a monster shes a monster beautiful monster beautiful monster beautiful monster ooh but i dont mind but i dont mind and i need her and i need her said i need her said i need her beautiful monster beautiful monster but i dont mind ooh no i dont mind no i dont mind i dont mind i dont i dont mind no i dont mind i dont mind i dont i dont mind ooh no i dont mind,0,0,1,1,1,0
2,Black Magic Woman,Santana,got a black magic woman got a black magic woman ive got a black magic woman got me so blind i cant see that shes a black magic woman shes trying to make a devil out of me dont turn your back on me baby dont turn your back on me baby yes dont turn your back on me baby stop messing about with your tricks dont turn your back on me baby you just might pick up my magic sticks you got your spell on me baby you got your spell on me baby yes you got your spell on me baby turnin my heart into stone i need you so bad magic woman i cant leave you alone,1,1,1,1,1,1
3,By Your Side,Sade,you think id leave your side baby you know me better than that you think id leave you down when youre down on your knees i wouldnt do that ill tell you youre right when you want and if only you could see into me  oh when youre cold ill be there hold you tight to me  when youre on the outside baby and you cant get in i will show you youre so much better than you know when youre lost and youre alone and you cant get back again i will find you darling and i will bring you home and if you want to cry i am here to dry your eyes and in no time youll be fine you think id leave your side baby you know me better than that you think id leave you down when youre down on your knees i wouldnt do that ill tell you youre right when youre wrong and if only you could see into me  oh when youre cold ill be there hold you tight to me oh when youre low ill be there by your side baby oh when youre cold ill be there hold you tight to me oh when youre low ill be there by your side baby,0,0,0,1,1,1
4,California Girls,"Katy Perry, Snoop Dogg",greetings loved ones lets take a journey i know a place where the grass is really greener warm wet n wild there must be something in the water sippin gin and juice laying underneath the palm trees undone the boys break their necks tryna to creep a little sneak peek at us you could travel the world but nothing comes close to the golden coast once you party with us youll be falling in love ooh oh ooh oh oh ooh california girls were unforgettable daisy dukes bikinis on top sunkissed skin so hot well melt your popsicle ooh oh ooh ooh oh ooh california girls were undeniable fine fresh fierce we got it on lock west coast represent now put your hands up ooh oh ooh ooh oh ooh sex on the beach we dont mind sand in our stilettos we freak in my jeep snoop doggydog on the stereo oh oh you could travel the world but nothing comes close to the golden coast once you party with us youll be falling in love ooh oh ooh ooh oh ooh california girls were unforgettable daisy dukes bikinis on top sunkissed skin so hot well melt your popsicle ooh oh ooh ooh oh ooh california girls were undeniable fine fresh fierce we got it on lock west coast represent now put your hands up ooh oh ooh ooh oh ooh toned tan fit and ready turn it up cause its gettin heavy wild wild west coast these are the girls i love the most i mean the ones i mean like shes the one kiss her touch her squeeze her buns the girls a freak she drive a jeep and live on the beach im okay i wont play i love the bay just like i love la venice beach and palm springs summertime is everything home boys bangin out all that ass hanging out bikinis zucchinis martinis no weenies just a king and a queenie katy my lady yeah and looky here baby uh huh im all up on ya cause you representing california oh yeah california girls were unforgettable daisy dukes bikinis on top sunkissed skin so hot well melt your popsicle ooh oh ooh ooh oh ooh california girls were undeniable fine fresh fierce we got it on lock west coast represent west coast west coast now put your hands up ooh oh ooh ooh oh ooh california girls man california california girls,0,0,0,1,0,0
5,I'm Calling You,Bagdad Café,a desert road from vegas to nowhere some place better than where youve been a coffee machine that needs some fixing in a little café just around the bend i am calling you cant you hear me i am calling you a hot dry wind blows right through me the babys crying and i cant sleep but we both know a change is coming coming closer sweet release i am calling you i know you hear me i am calling you ohhhh i am calling you i know you hear me i am calling you a desert road from vegas to nowhere some place better than where youve been a coffee machine that needs some fixing in a little café just around the bend a hot dry wind blows right through me the babys crying and i cant sleep and i can feel a change is coming coming closer sweet release i am calling you cant you hear me i am calling you ohhhhhhhh uhhhhh,1,1,0,1,1,0
6,Can't Get Enough Of You Baby,Smash Mouth,i cant get enough of you baby i cant get enough of you baby yes its true baby yes its true whenever we kiss i get a feeling like this i get to wishin that there was two of you my heart crys out more baby it feels so nice i want your arms to wrap around me twice i cant get enough of you baby i cant get enough of you baby right or wrong baby right or wrong when you had to go i hated the thought i always wish the night was twice as long my heart crys out more baby i love you so much i wish that there was more of you to touch i cant get enough of you baby cant get enough of you baby i cant get enough of you baby yaaaaa whenever we kiss i get a feeling like this i get to wishing that there was two of you my heart crys out more baby i love you so much i wish that there was more of you to touch i cant get enough of you baby cant get enough of you baby i cant get enough of you baby cant get enough of you baby i cant get enough of you baby cant get enough of you baby i cant get enough of you baby cant get enough of you baby i cant get enough of you baby,0,0,0,1,1,0
7,Careless Whisper,George Michael,i feel so unsure as i take your hand and lead you to the dance floor as the music dies something in your eyes calls to mind the silver screen and all its sad goodbyes im never gonna dance again guilty feet have got no rhythm though its easy to pretend i know youre not a fool shouldve known better than to cheat a friend and waste the chance that id been given so im never gonna dance again the way i danced with you time can never mend the careless whispers of a good friend to the heart and mind ignorance is kind theres no comfort in the truth pain is all youll find im never gonna dance again guilty feet have got no rhythm though its easy to pretend i know youre not a fool i shouldve known better than to cheat a friend and waste the chance that id been given so im never gonna dance again the way i danced with you never without your love tonight the music seems so loud i wish that we could lose this crowd maybe its better this way wed hurt each other with the things wed want to say we could have been so good together we could have lived this dance forever but no ones gonna dance with me please stay and im never gonna dance again guilty feet have got no rhythm though its easy to pretend i know youre not a fool shouldve known better than to cheat a friend and waste the chance that id been given so im never gonna dance again the way i danced with you now that youre gone now that youre gone what i dids so wrong so wrong that you had to leave me alone,0,1,1,0,1,0
8,Come As You Are,Nirvana,come as you are as you were as i want you to be as a friend as a friend as an known enemy take your time hurry up the choice is yours dont be late take a rest as a friend as an old memoria memoria memoria memoria come doused in mud soaked in bleach as i want you to be as a trend as a friend as an old memoria memoria memoria memoria and i swear that i dont have a gun no i dont have a gun no i dont have a gun memoria memoria memoria memoria no i dont have a gun and i swear that i dont have a gun no i dont have a gun no i dont have a gun no i dont have a gun no i dont have a gun,1,1,1,1,1,0
9,Comfortably Numb,Pink Floyd,hello hello hello is there anybody in there just nod if you can hear me is there anyone at home come on now i hear youre feeling down well i can ease your pain get you on your feet again relax ill need some information first just the basic facts can you show me where it hurts there is no pain you are receding a distant ship smoke on the horizon you are only coming through in waves your lips move but i cant hear what youre saying when i was a child i had a fever my hands felt just like two balloons now ive got that feeling once again i cant explain you would not understand this is not how i am i have become comfortably numb okay just a little pinprick therell be no more ah but you may feel a little sick can you stand up i do believe its working good thatll keep you going through the show come on its time to go there is no pain you are receding a distant ship smoke on the horizon you are only coming through in waves your lips move but i cant hear what youre saying when i was a child i caught a fleeting glimpse out of the corner of my eye i turned to look but it was gone i cannot put my finger on it now the child is grown the dream is gone i have become comfortably numb,0,1,1,1,1,1
10,Dancing Queen,ABBA,you can dance you can jive having the time of your life ooh see that girl watch that scene digging the dancing queen  friday night and the lights are low looking out for a place to go where they play the right music getting in the swing you come to look for a king anybody could be that guy night is young and the musics high with a bit of rock music everything is fine youre in the mood for a dance and when you get the chance  you are the dancing queen young and sweet only seventeen dancing queen feel the beat from the tambourine oh yeah you can dance you can jive having the time of your life ooh see that girl watch that scene digging the dancing queen  youre a teaser you turn em on leave em burning and then youre gone looking out for another anyone will do youre in the mood for a dance and when you get the chance  you are the dancing queen young and sweet only seventeen dancing queen feel the beat from the tambourine oh yeah you can dance you can jive having the time of your life ooh see that girl watch that scene digging the dancing queen  digging the dancing queen,0,0,0,1,0,1
11,Don't Cry For Me Argentina,Madonna,it wont be easy youll think it strange when i try to explain how i feel that i still need your love after all that ive done you wont believe me all you will see is a girl you once knew although shes dressed up to the nines at sixes and sevens with you i had to let it happen i had to change couldnt stay all my life down at heel looking out of the window staying out of the sun so i chose freedom running around trying everything new but nothing impressed me at all i never expected it to dont cry for me argentina the truth is i never left you all through my wild days my mad existence i kept my promise dont keep your distance and as for fortune and as for fame i never invited them in though it seemed to the world they were all i desired they are illusions they are not the solutions they promised to be the answer was here all the time i love you and hope you love me dont cry for me argentina dont cry for me argentina the truth is i never left you all through my wild days my mad existence i kept my promise dont keep your distance have i said too much theres nothing more i can think of to say to you but all you have to do is look at me to know that every word is true,0,1,1,1,1,0
12,Do You Remember Rock n Roll Radio,Ramones,this is rock and roll radio come on lets rock and roll with the ramones rock and rock and roll radio lets go rock and rock and roll radio lets go rock and rock and roll radio lets go rock and rock and roll radio lets go  do you remember hullabaloo upbeat shindig and ed sullivan too do you remember rock and roll radio do you remember rock and roll radio do you remember murray the k alan freed and high energy its the end the end of the s its the end the end of the century do you remember lying in bed with your covers pulled up over your head radio playing so no one can see we need change we need it fast before rocks just part of the past because lately it all sounds the same to me oh oh oh oh oh oh  will you remember jerry lee john lennon t rex and oi moulty its the end the end of the s its the end the end of the century,1,0,0,1,1,1
13,Eleanor Rigby,The Beatles,ah look at all the lonely people ah look at all the lonely people eleanor rigby picks up the rice in the church where a wedding has been lives in a dream waits at the window wearing the face that she keeps in a jar by the door who is it for all the lonely people where do they all come from all the lonely people where do they all belong father mckenzie writing the words of a sermon that no one will hear no one comes near look at him working darning his socks in the night when theres nobody there what does he care all the lonely people where do they all come from all the lonely people where do they all belong ah look at all the lonely people ah look at all the lonely people eleanor rigby died in the church and was buried along with her name nobody came father mckenzie wiping the dirt from his hands as he walks from the grave no one was saved all the lonely people ah look at all the lonely people where do they all come from all the lonely people ah look at all the lonely people where do they all belong,0,1,0,0,1,0
14,Englishman in New York,Sting,i dont take coffee i take tea my dear i like my toast done on one side and you can hear it in my accent when i talk im an englishman in new york see me walking down fifth avenue a walking cane here at my side i take it everywhere i walk im an englishman in new york oh im an alien im a legal alien im an englishman in new york oh im an alien im a legal alien im an englishman in new york if manners maketh man as someone said hes the hero of the day it takes a man to suffer ignorance and smile be yourself no matter what they say oh im an alien im a legal alien im an englishman in new york oh im an alien im a legal alien im an englishman in new york modesty propriety can lead to notoriety you could end up as the only one gentleness sobriety are rare in this society at night a candles brighter than the sun takes more than combat gear to make a man takes more than a license for a gun confront your enemies avoid them when you can a gentleman will walk but never run if manners maketh man as someone said hes the hero of the day it takes a man to suffer ignorance and smile be yourself no matter what they say be yourself no matter what they say be yourself no matter what they say be yourself no matter what they say oh im an alien im a legal alien be yourself no matter what they say im an englishman in new york be yourself no matter what they say oh im an alien im a legal alien be yourself no matter what they say im an englishman in new york be yourself no matter what they say oh im an alien im a legal alien be yourself no matter what they say im an englishman in new york be yourself no matter what they say oh im an alien im a legal alien be yourself no matter what they say im an englishman in new york be yourself no matter what they say,0,0,0,1,0,0
15,Every Breath You Take,The Police,every breath you take and every move you make every bond you break every step you take ill be watching you every single day and every word you say every game you play every night you stay ill be watching you oh cant you see you belong to me how my poor heart aches with every step you take every move you make and every vow you break every smile you fake every claim you stake ill be watching you since youve gone ive been lost without a trace i dream at night i can only see your face i look around but its you i cant replace i feel so cold and i long for your embrace i keep crying baby baby please oh cant you see you belong to me how my poor heart aches with every step you take every move you make and every vow you break every smile you fake every claim you stake ill be watching you every move you make every step you take ill be watching you ill be watching you every breath you take and every move you make every bond you break every step you take ill be watching you every single day every word you say every game you play every night you stay ill be watching you every move you make every vow you break every smile you fake every claim you stake ill be watching you every single day every word you say every game you play every night you stay ill be watching you every breath you take every move you make every bond you break every step you take ill be watching you every single day every word you say every game you play every night you stay ill be watching you every move you make every vow you break every smile you fake every claim you stake ill be watching you every single day every word you say every game you play every night you stay ill be watching you,0,0,0,0,1,0
16,Fight For This Love,Cheryl Cole,too much of anything can make you sick even the good can be a curse curse makes it hard to know which road to go down knowing too much can get you hurt is it better is it worse always sitting in reverse its just like were going backwards i know where i want this to go were driving fast but lets go slow what i dont wanna do is crash no just know youre not in this thing alone theres always a place in me that you can call home whenever you feel like were growing apart lets just go back back back back back to the start anything thats worth having is sure enough worth fighting for quitings out of the question when it gets tough gotta fight some more we gotta fight fight fight fight fight for this love we gotta fight fight fight fight fight for this love we gotta fight fight fight fight fight for this love if its worth having its worth fighting for oh now everyday aint gon be no picnic love aint no walk in the park all you can do is make the best of it now cant be afraid of the dark just know youre not in this thing alone theres always a place in me that you can call home whenever you feel like were growing apart lets just go back back back back back to the start anything thats worth having is sure enough worth fighting for quitings out of the question when it gets tough gotta fight some more we gotta fight fight fight fight fight for this love we gotta fight fight fight fight fight for this love we gotta fight fight fight fight fight for this love if its worth having its worth fighting for oh i dont know where were heading im willing and ready to go weve been driving so fast we just need to slow down and just roll anything thats worth having is sure enough worth fighting for quitings out of the question when it gets tough gotta fight some more we gotta fight fight fight fight fight for this love we gotta fight fight fight fight fight for this love we gotta fight fight fight fight fight for this love if its worth having its worth fighting for oh we gotta fight fight fight fight fight for this love we gotta fight fight fight fight fight for this love we gotta fight fight fight fight fight for this love its worth having its worth fighting for oh,1,0,1,1,1,0
17,Fly Me To The Moon,Count Basie,fly me to the moon let me play among the stars let me see what spring is like on a jupiter and mars in other words hold my hand in other words baby kiss me fill my heart with song and let me sing for ever more you are all i long for all i worship and adore in other words please be true in other words i love you fill my heart with song let me sing for ever more you are all i long for all i worship and adore in other words please be true in other words in other words i love you,0,0,0,1,1,0
18,Fragile,Sting,if blood will flow when flesh and steel are one drying in the color of the evening sun tomorrows rain will wash the stains away but something in our minds will always stay perhaps this final act was meant to clinch a lifetimes argument that nothing comes from violence and nothing ever could for all those born beneath an angry star lest we forget how fragile we are on and on the rain will fall like tears from a star like tears from a star on and on the rain will say how fragile we are how fragile we are on and on the rain will fall like tears from a star like tears from a star on and on the rain will say how fragile we are how fragile we are how fragile we are how fragile we are,1,1,1,0,1,0
19,Happy Xmas (War Is Over),John Lennon,happy christmas kyoko happy christmas julian so this is christmas and what have you done another year over a new one just begun and so this is christmas i hope you have fun the near and the dear one the old and the young a very merry christmas and a happy new year lets hope its a good one without any fear and so this is christmas for weak and for strong war is over if you want it for the rich and the poor ones the road is so long war is over now and so happy christmas for black and for whites war is over if you want it for the yellow and red ones lets stop all the fight war is over now a very merry christmas and a happy new year lets hope its a good one without any fear and so this is christmas and what have we done war is over if you want it another year over a new one just begun war is over if you want it and so this is christmas we hope you have fun war is over if you want it the near and the dear one the old and the young war is over now a very merry christmas and a happy new year lets hope its a good one without any fear war is over if you want it war is over now happy christmas happy christmas happy christmas war is over if you want it the near and the dear one the old and the young war is over now a very merry christmas and a happy new year lets hope its a good one without any fear war is over if you want it war is over now,0,0,0,1,0,0
20,Heart of Gold,Neil Young,i want to live i want to give ive been a miner for a heart of gold its these expressions i never give that keep me searchin for a heart of gold and im getting old keep me searchin for a heart of gold and im getting old ive been to hollywood ive been to redwood i crossed the ocean for a heart of gold ive been in my mind its such a fine line  that keeps me searchin for a heart of gold and im getting old keeps me searchin for a heart of gold and im getting old  keep me searchin for a heart of gold you keep me searchin and im growing old keep me searchin for a heart of gold ive been a miner for a heart of gold,0,0,1,1,1,0
21,Help!,The Beatles,i need somebody help not just anybody help you know i need someone help i never needed anybodys help in any way but now these days are gone im not so self assured but now these days are gone and now i find now i find ive changed my mind and opened up the doors help me if you can im feeling down and i do appreciate you being round help me get my feet back on the ground wont you please please help me and now my life has changed in oh so many ways and now my life has changed my independence seems to vanish in the haze but every now and then i feel so insecure i know that i i know that i just need you like ive never done before help me if you can im feeling down and i do appreciate you being round help me get my feet back on the ground wont you please please help me when i was younger so much younger than today i never needed anybodys help in any way but now these days are gone im not so self assured but now these days are gone and now i find now i find ive changed my mind and opened up the doors help me if you can im feeling down and i do appreciate you being round help me get my feet back on the ground wont you please please help me help me help me ooh,0,0,1,1,1,0
22,Hey Jude,The Beatles,hey jude dont make it bad take a sad song and make it better remember to let her into your heart then you can start to make it better hey jude dont be afraid you were made to go out and get her the minute you let her under your skin then you begin to make it better and anytime you feel the pain hey jude refrain dont carry the world upon your shoulders for well you know that its a fool who plays it cool by making his world a little colder nanana na na nanana na hey jude dont let me down you have found her now go and get her let it out and let it in remember to let her into your heart hey jude then you can start to make it better so let it out and let it in hey jude begin youre waiting for someone to perform with and dont you know that its just you hey jude youll do the movement you need is on your shoulder nanana na na nanana na yeah hey jude dont make it bad take a sad song and make it better remember to let her under your skin then youll begin to make it better better better better better better ah na na na nanana na yeah yeah yeah yeah yeah yeah yeah nanana na hey jude na na na nanana na nanana na hey jude na na na nanana na nanana na hey jude na na na nanana na nanana na hey jude jude jude judy judy judy judy ow wow na na na nanana na my my my nanana na hey jude jude jude jude jude jude na na na nanana na yeah yeah yeah nanana na hey jude yeah you know you can make it jude jude youre not gonna break it na na na nanana na dont make it bad jude take a sad song and make it better nanana na hey jude oh jude jude hey jude wa na na na nanana na oh jude nanana na hey jude hey hey hey hey na na na nanana na hey hey nanana na hey jude now jude jude jude jude jude na na na nanana na jude yeah yeah yeah yeah nanana na hey jude na na na nanana na nanana na hey jude nanananananananana na na na nanana na nanana na hey jude na na na nanana na nanana na hey jude na na na nanana na yeah make it jude nanana na hey jude yeah yeah yeah yeah yeah yeah yeah yeah yeah na na na nanana na yeah yeah yeah yeah yeah yeah nanana na hey jude na na na nanana na nanana na hey jude na na na nanana na nanana na hey jude na na na nanana na nanana na hey jude,0,0,0,1,1,0
23,Hey Soul Sister,Train,hey hey hey your lipstick stains on the front lobe of my left side brains i knew i wouldnt forget you and so i let you go and blow my mind your sweet moonbeam the smell of you in every single dream i dream i knew when we collided youre the one i have decided whos one of my kind hey soul sister aint that mr mister on the radio stereo the way you move aint fair you know hey soul sister i dont want to miss a single thing you do tonight hey hey hey just in time im so glad you have a onetrack mind like me you gave my life direction a game show love connection we cant deny im so obsessed my heart is bound to beat right out my untrimmed chest i believe in you like a virgin youre madonna and im always gonna wanna blow your mind hey soul sister aint that mr mister on the radio stereo the way you move aint fair you know hey soul sister i dont want to miss a single thing you do tonight the way you can cut a rug watching yous the only drug i need so gangster im so thug youre the only one im dreaming of you see i can be myself now finally in fact theres nothing i cant be i want the world to see you be with me hey soul sister aint that mr mister on the radio stereo the way you move aint fair you know hey soul sister i dont want to miss a single thing you do tonight hey soul sister i dont want to miss a single thing you do tonight hey hey hey tonight hey hey hey tonight,0,0,0,1,0,1
24,Highway To Hell,AC DC,living easy living free season ticket on a oneway ride asking nothing leave me be taking everything in my stride dont need reason dont need rhyme aint nothing i would rather do going down party time my friends are gonna be there too im on the highway to hell on the highway to hell highway to hell im on the highway to hell no stop signs speed limit nobodys gonna slow me down like a wheel gonna spin it nobodys gonna mess me around hey satan paid my dues playing in a rocking band hey mama look at me im on my way to the promised land whoo im on the highway to hell highway to hell im on the highway to hell highway to hell dont stop me im on the highway to hell on the highway to hell im on the highway to hell on the highway yeah highway to hell im on the highway to hell highway to hell highway to hell and im going down all the way whoa im on the highway to hell,0,0,0,1,0,0
25,Hollywood,Michael Buble,could you be a teenage idol could you be a movie star when i turn on my tv will you smile and wave at me tellin oprah who you are is strange so you want to be a rock star with blue eyed bunnys in your bed well remember when youre rich that you sold yourself for this youll be famous cause youre dead so dont go higher for desire put it in your head baby hollywood is dead you can find it in yourself i dont want to take you dancing when youre dancing with the world well you can flash your caviar and your million dollar car i dont need that kind of girl but you could be that next sensation or will you set the latest style you dont need a catchy song cause the kids will sing along when you sell it with a smile so dont go higher for desire put it in your head baby hollywood is dead you can find it in yourself so dont fly higher for your fire put it in your head baby hollywood is dead you can find it in yourself keep it on your head hollywood is dead well you can do the mighty tango you can strut your little thing you can swing from vine to vine while the kiddies wait in line with the money in their hands but if you get to california save a piece of gold for me if its the only thing youll save then ill bet youll never wave when i watch you on tv so dont go higher for desire put it in your head baby hollywood is dead you can find it in yourself so dont fly higher for your fire put it in your head baby hollywood is dead you can find it in yourself keep on loving what is true and the world will come to you you can find it in yourself love what is true and the world will come to you you can find it in yourself no no no no no keep it in your head hollywood is dead come come hollywood is dead babe woo hoo oh hollywood is dead yeah yeah oh hollywood is dead babe woo hoo keep on loving what is true and the world will come to you hollywood is dead get it in your head hollywood is dead,1,1,0,0,0,0
26,Hotel California,Eagles,on a dark desert highway cool wind in my hair warm smell of colitas rising up through the air up ahead in the distance i saw a shimmering light my head grew heavy and my sight grew dim i had to stop for the night there she stood in the doorway i heard the mission bell and i was thinkin to myself this could be heaven or this could be hell then she lit up a candle and she showed me the way there were voices down the corridor i thought i heard them say welcome to the hotel california such a lovely place such a lovely place such a lovely face plenty of room at the hotel california any time of year any time of year you can find it here her mind is tiffanytwisted she got the mercedes benz uh she got a lot of pretty pretty boys that she calls friends how they dance in the courtyard sweet summer sweat some dance to remember some dance to forget so i called up the captain please bring me my wine he said we havent had that spirit here since  and still those voices are calling from far away wake you up in the middle of the night just to hear them say welcome to the hotel california such a lovely place such a lovely place such a lovely face they livin it up at the hotel california what a nice surprise what a nice surprise bring your alibis mirrors on the ceiling the pink champagne on ice and she said we are all just prisoners here of our own device and in the masters chambers they gathered for the feast they stab it with their steely knives but they just cant kill the beast last thing i remember i was running for the door i had to find the passage back to the place i was before relax said the night man we are programmed to receive you can check out any time you like but you can never leave,0,0,1,1,1,1
27,I Can't Stop Loving You,Don Gibson,i cant stop loving you so ive made up my mind to live in memory of such an old lonesome time i cant stop wanting you its useless to say so ill just live my life in dreams of yesterday those happy hours that we once knew though long ago they still make me blue they say that time heals a broken heart but time has stood still since weve been apart,0,0,0,1,1,0
28,I Don't Know How To Love Him,Andrew Lloyd Webber,i dont know how to love him what to do how to move him ive been changed yes really changed in these past few days when ive seen myself i seem like someone else i dont know how to take this i dont see why he moves me hes a man hes just a man and ive had so many men before in very many ways hes just one more should i bring him down should i scream and shout should i speak of love let my feelings out i never thought id come to this whats it all about dont you think its rather funny i should be in this position im the one whos always been so calm so cool no lovers fool running every show he scares me so i never thought id come to this whats it all about yet if he said he loved me id be lost id be frightened i couldnt cope just couldnt cope id turn my head id back away i wouldnt want to know he scares me so i want him so i love him so,1,0,1,0,1,1
29,I Don't Want To Miss A Thing,Aerosmith,i could stay awake just to hear you breathing watch you smile while you are sleeping while youre far away and dreaming i could spend my life in this sweet surrender i could stay lost in this moment forever ooh every moment spent with you is a moment i treasure dont want to close my eyes i dont want to fall asleep cause id miss you babe and i dont want to miss a thing cause even when i dream of you the sweetest dream will never do id still miss you babe and i dont want to miss a thing lying close to you feeling your heart beating and im wondering what youre dreaming wondering if its me youre seeing then i kiss your eyes and thank god were together and i just want to stay with you in this moment forever forever and ever i dont want to close my eyes i dont want to fall asleep cause id miss you babe and i dont want to miss a thing cause even when i dream of you the sweetest dream will never do id still miss you babe and i dont want to miss a thing and i dont want to miss one smile i dont want to miss one kiss well i just want to be with you right here with you just like this i just want to hold you close i feel your heart so close to mine and just stay here in this moment for all of the rest of time yeahyeahyeahyeahyeah dont want to close my eyes dont want to fall asleep cause id miss you babe and i dont want to miss a thing cause even when i dream of you the sweetest dream will never do id still miss you babe and i dont want to miss a thing i dont want to close my eyes i dont want to fall asleep cause id miss you babe and i dont want to miss a thing cause even when i dream of you the sweetest dream will never do id still miss you babe and i dont want to miss a thing dont want to close my eyes i dont want to fall asleep yeah i dont want to miss a thing,0,0,1,1,1,0
30,If You Love Somebody Set Them Free,Sting,free free set them free free free set them free free free set them free free free set them free if you need somebody call my name if you want someone you can do the same if you want to keep something precious you got to lock it up and throw away the key if you want to hold onto your possession dont even think about me if you love somebody if you love someone if you love somebody if you love someone set them free free free set them free set them free free free set them free set them free free free set them free set them free free free set them free if its a mirror you want just look into my eyes or a whipping boy someone to despise or a prisoner in the dark tied up in chains you just cant see or a beast in a gilded cage thats all some people ever want to be if you love somebody if you love someone if you love somebody if you love someone set them free free free set them free set them free free free set them free set them free free free set them free set them free free free set them free you cant control an independent heart cant tear the one you love apart forever conditioned to believe that we cant live we cant live here and be happy with less so many riches so many souls everything we see that we want to possess if you need somebody call my name if you want someone you can you can do you can do the same if you want to keep something precious you got to lock it up and throw away the key wanna hold onto your possession dont even think about me if you love somebody if you love someone if you love somebody if you love someone set them free free free set them free set them free free free set them free set them free free free set them free set them free free free set them free set them free free free set them free set them free free free set them free set them free free free set them free set them free free free set them free free free set them free free free set them free free free set them free free free set them free set them free,1,1,1,0,1,0
31,I Gotta Feeling,The Black Eyed Peas,i gotta feel i gotta feeling that tonight that tonight that tonights gonna be a good good good good good good good good good good good good good good good good good good good good good good good good good good good good good good good good good good night i feel it woohoo i feel it woohoo tonights the night lets live it up lets live it up lets live it up lets live it up lets live it up lets live it up lets live it up fill up my cup fill up my cup fill up my cup lets live it up lets live it up lets live it up lets live it up i gotta feeling i gotta feeling i gotta feeling a feel feeling feeling monday tuesday wednesday and thursday friday saturday saturday to sunday get get get get get with us you know what we say say party every day ppp party every day ppp party every day ppp party every day ppp party every day ppp party every day ppp party every day ppp party every day ppp party every day ppp party every day a feeling woohoo that tonights gonna be a good night that tonights gonna be a good night that tonights gonna be a good good night,0,0,0,1,0,1
32,I Have A Dream,ABBA,i have a dream a song to sing to help me cope with anything if you see the wonder of a fairy tale you can take the future even if you fail i believe in angels something good in everything i see i believe in angels when i know the time is right for me ill cross the stream i have a dream i have a dream a fantasy to help me through reality and my destination makes it worth the while pushing through the darkness still another mile i believe in angels something good in everything i see i believe in angels when i know the time is right for me ill cross the stream i have a dream ill cross the stream i have a dream i have a dream a song to sing to help me cope with anything if you see the wonder of a fairy tale you can take the future even if you fail i believe in angels something good in everything i see i believe in angels when i know the time is right for me ill cross the stream i have a dream ill cross the stream i have a dream,0,0,1,1,1,1
33,I'm On Fire,Bruce Springsteen,hey little girl is your daddy home did he go and leave you all alone i got a bad desire ohohoh im on fire tell me now baby is he good to you and can he do you the things that i cant do i can take you higher ohohoh im on fire im on fire sometimes its like someone took a knife baby edgy and dull and cut a sixinch valley through the middle of my skull at night i wake up with the sheets soaking wet and a freight train running through the middle of my head only you can cool my desire ohohoh im on fire ohohoh im on fire ohohoh im on fire ohohoh im on fire,1,1,1,1,1,1
34,Jingle Bell Rock,Glee,jingle bell jingle bell jingle bell rock jingle bells swing and jingle bells ring snowing and blowing up bushels of fun now the jingle hop has begun jingle bell jingle bell jingle bell rock jingle bells chime in jingle bell time dancing and prancing in jingle bell square in the frosty air what a bright time its the right time to rock the night away jingle bell time is a swell time to go gliding in a onehorse sleigh giddyup jingle horse pick up your feet jingle around the clock mix and amingle in the jingling feet thats the jingle bell rock jingle bell jingle bell jingle bell rock jingle bells chime in jingle bell time dancing and prancing in jingle bell square in the frosty air jingle bell jingle bell jingle bell rock jingle bells chime in jingle bell time snowing and blowing up bushels of fun now the jingle hop has begun jingle bell jingle bell jingle bell rock jingle bells chime in jingle bell time dancing and prancing in jingle bell square in the frosty air what a bright time its the right time to rock the night away rock the night away jingle bell time is a swell time to go gliding in a onehorse sleigh giddyup jingle horse pick up your feet jingle around the clock mix and amingle in the jingling feet thats the jingle bell thats the jingle bell thats the jingle bell rock jingle bell jingle bell jingle bell rock jingle bell jingle bell jingle bell rock jingle bell jingle bell jingle bell rock woah,0,0,0,1,0,1
35,Johnny B. Goode,Chuck Berry,deep down in louisiana close to new orleans way back up in the woods among the evergreens there stood a log cabin made of earth and wood where lived a country boy named johnny b goode who never ever learned to read or write so well but he could play a guitar just like aringin a bell go go go johnny go go go johnny go go go johnny go go go johnny go go johnny b goode he used to carry his guitar in a gunny sack go sit beneath the tree by the railroad track oh the engineers would see him sitting in the shade strumming with the rhythm that the drivers made people passing by they would stop and say oh my what that little country boy could play go go go johnny go go go johnny go go go johnny go go go johnny go go johnny b goode his mother told him someday you will be a man and you will be the leader of a big old band many people coming from miles around to hear you play your music when the sun go down maybe someday your name will be in lights saying johnny b goode tonight go go go johnny go go go go johnny go go go go johnny go go go go johnny go go johnny b goode,0,0,0,1,1,1
36,Just The Way You Are,Bruno Mars,oh her eyes her eyes make the stars look like theyre not shinin her hair her hair falls perfectly without her trying shes so beautiful and i tell her everyday yeah i know i know when i compliment her she wont believe me and its so its so sad to think that she dont see what i see but every time she asks me do i look okay i say when i see your face theres not a thing that i would change cause youre amazing just the way you are and when you smile the whole world stops and stares for a while cause girl youre amazing just the way you are yeah her lips her lips i could kiss them all day if shed let me her laugh her laugh she hates but i think its so sexy shes so beautiful and i tell her everyday oh you know you know you know id never ask you to change if perfects what youre searching for then just stay the same so dont even bother asking if you look okay you know ill say when i see your face theres not a thing that i would change cause youre amazing just the way you are and when you smile the whole world stops and stares for a while cause girl youre amazing just the way you are the way you are the way you are girl youre amazing just the way you are when i see your face theres not a thing that i would change cause youre amazing just the way you are and when you smile the whole world stops and stares for a while cause girl youre amazing just the way you are yeah,0,0,0,1,0,1
37,Just The Way You Are,Billy Joel,dont go changing to try and please me you never let me down before dont imagine youre too familiar and i dont see you anymore i wouldnt leave you in times of trouble we never could have come this far i took the good times ill take the bad times ill take you just the way you are dont go trying some new fashion dont change the color of your hair you always have my unspoken passion although i might not seem to care i dont want clever conversation i never want to work that hard i just want someone that i can talk to i want you just the way you are i need to know that you will always be the same old someone that i knew what will it take till you believe in me the way that i believe in you i said i love you and thats forever and this i promise from the heart i could not love you any better i love you just the way you are,0,0,0,1,1,0
38,Layla Unplugged,Eric Clapton,whatll you do when you get lonely and nobodys waiting by your side youve been running and hiding much too long you know its just your foolish pride layla youve got me on my knees layla im begging darling please layla darling wont you ease my worried mind i tried to give you consolation when your old man had let you down like a fool i fell in love with you you turned my whole world upside down layla youve got me on my knees layla im begging darling please layla darling wont you ease my worried mind make the best of the situation before i finally go insane please dont say well never find a way and tell me all my loves in vain layla youve got me on my knees layla im begging darling please layla darling wont you ease my worried mind layla youve got me on my knees layla im begging darling please layla darling wont you ease my worried mind,0,0,1,0,1,0
39,Let It Be,The Beatles,when i find myself in times of trouble mother mary comes to me speaking words of wisdom let it be and in my hour of darkness she is standing right in front of me speaking words of wisdom let it be let it be let it be let it be let it be whisper words of wisdom let it be and when the broken hearted people living in the world agree there will be an answer let it be for though they may be parted there is still a chance that they will see there will be an answer let it be let it be let it be let it be let it be there will be an answer let it be let it be let it be let it be let it be whisper words of wisdom let it be let it be let it be let it be yeah let it be whisper words of wisdom let it be and when the night is cloudy there is still a light that shines on me shine on until tomorrow let it be i wake up to the sound of music mother mary comes to me speaking words of wisdom let it be and let it be let it be let it be let it be whisper words of wisdom let it be let it be let it be let it be yeah let it be whisper words of wisdom let it be,0,0,1,1,1,1
40,Let It Snow,Michael Buble,oh the weather outside is frightful but the fire is so delightful and since weve no place to go let it snow let it snow let it snow it doesnt show signs of stopping and ive brought some corn for popping the lights are turned way down low let it snow let it snow let it snow when we finally kiss goodnight how i hate going out in the storm but if you really hold me tight all the way home ill be warm the fire is slowly dying and my dear were still goodbyeing as long as you love me so let it snow let it snow let it snow oh it doesnt show signs of stopping and ive brought some corn for popping and the lights are turned way down low let it snow let it snow let it snow oh let it snow all the way home ill be warm all the way home ill be warm the fire is slowly dying and my dear im still goodbyeing as long you love me so let it snow let it snow let it snow let it snow let it snow let it snow let it snow let it snow let it snow,0,0,0,1,1,0
41,Little Wing,Jimi Hendrix,well shes walking through the clouds with a circus mind thats running round butterflies and zebras and moonbeams and fairy tales thats all she ever thinks about riding with the wind when im sad she comes to me with a thousand smiles she gives to me free its alright she says its alright take anything you want from me anything fly on little wing yeah yeah yeah little wing,0,0,0,1,1,1
42,Maria Maria,Santana,oh maria maria she reminds me of a west side story growing up in spanish harlem shes living the life just like a movie star oh maria maria she fell in love in east la to the sounds of the guitar yeah yeah played by carlos santana stop the looting stop the shooting pick pocking on the corner see as the rich is getting richer the poor is getting poorer se mira maria on the corner thinking of ways to make it better in my mailbox theres an eviction letter signed by the judge said see you later ahora vengo mama chula mama chula ahora vengo mama chula east coast ahora vengo mama chula mama chula ahora vengo mama chula west coast oh maria maria she reminds me of a west side story growing up in spanish harlem shes living the life just like a movie star oh maria maria she fell in love in east la to the sounds of the guitar yeah yeah played by carlos santana i said a la favella los colores the streets are getting hotter there is no water to put out the fire ni gota de esperanza se mira maria on the corner thinking of ways to make it better then i looked up in the sky hoping of days of paradise   ahora vengo mama chula mama chula ahora vengo mama chula north side ahora vengo mama chula mama chula ahora vengo mama chula south side ahora vengo mama chula mama chula ahora vengo mama chula worldwide ahora vengo mama chula mama chula ahora vengo mama chula open up your eyes maria you know youre my lover when the wind blows i can feel you through the weather and even when were apart it feels like were together maria yeah she reminds me of a west side story growing up in spanish harlem shes living the life just like a movie star maria maria oh she fell in love in east la to the sounds of the guitar played by carlos santana  put em up yall carlos santana with the refugee camp wyclef jerry wonda mr santana gb yo carlos man youre making that guitar cry,0,0,0,1,1,0
43,Meet Me Halfway,The Black Eyed Peas,i cant go any further than this i want you so badly its my biggest wish i spent my time just thinking thinking thinking bout you every single day yes im really missin missin you and all those things we use to use to use to do hey girl whats up it use it use to be just me and you i spent my time just thinking thinking thinking bout you every single day yes im really missing missing you and all those things we use to use to use to do hey girl whats up whats up whats up whats up can you meet me halfway right at the borderline is where im gonna wait for you ill be looking out night n day took my heart to the limit and this is where i stay i cant go any further than this i want you so bad its my only wish girl i travel round the world and even sail the seven seas across the universe i go to other galaxies just tell me where to go just tell me where you wanna to meet i navigate myself myself to take me where you be cause girl i want i i i want you right now i travel uptown town i travel downtown i wanna to have you around round like every single day i love you alway ways can you meet me half way ill meet you halfway right at the borderline thats where im gonna wait for you ill be looking out night n day took my heart to the limit and this is where ill stay i cant go any further than this i want you so bad its my only wish i cant go any further than this i want you so bad its my only wish lets walk the bridge to the other side just you and i just you and i i will fly ill fly the skies for you and i for you and i i will try until i die for you and i for you and i for for you and i for for you and i for for you and i for you and i can you meet me half way can you meet me half way can you meet me half way can you meet me half way meet me half way right at the borderline thats where im gonna wait for you ill be looking out night n day took my heart to the limit and this is where ill stay i cant go any further than this i want you so bad its my only wish i cant go any further than this i want you so bad its my only wish,0,0,0,1,1,0
44,Memories,"David Guetta, Kid Cudi",yeah yeah all the crazy shit i did tonight those will be the best memories i just wanna let it go for the night that would be the best therapy for me all the crazy shit i did tonight those will be the best memories i just wanna let it go for the night that would be the best therapy for me hey hey yeah yeah hey hey yeah yeah hey hey yeah yeah hey hey yeah yeah yeah all the crazy shit i did tonight those will be the best memories i just wanna let it go for the night that would be the best therapy for me all the crazy shit i did tonight those will be the best memories i just wanna let it go for the night that would be the best therapy for me hey hey yeah yeah hey hey yeah yeah hey hey yeah yeah hey hey yeah yeah its gettin late but i dont mind its gettin late but i dont mind its gettin late but i dont mind its gettin late but i dont mind its gettin late but i dont mind its gettin late but i dont mind its gettin late but i dont mind its gettin late but i dont mind hey hey yeah yeah hey hey yeah yeah hey hey yeah yeah hey hey yeah yeah,0,0,0,1,1,0
45,Memory,Barbara Streisand,midnight not a sound from the pavement has the moon lost her memory she is smiling alone in the lamplight the withered leaves collect at my feet and the wind begins to moan memory all alone in the moonlight i can smile happy your days i can dream of the old days life was beautiful then i remember the time i knew what happiness was let the memory live again every street lamp seems to beat a fatalistic warning someone mutters and the street lamp gutters and soon it will be morning daylight i must wait for the sunrise i must think of a new life and i mustnt give in when the dawn comes tonight will be a memory too and a new day will begin burnt out ends of smoky days the still cold smell of morning a street lamp dies another night is over another day is dawning touch me it is so easy to leave me all alone with the memory of my days in the sun if you touch me youll understand what happiness is look a new day has begun,0,0,0,1,1,0
46,More Than Words,Extreme,saying i love you is not the words i want to hear from you its not that i want you not to say but if you only knew how easy it would be to show me how you feel more than words is all you have to do to make it real then you wouldnt have to say that you love me cause id already know what would you do if my heart was torn in two more than words to show you feel that your love for me is real what would you say if i took those words away then you couldnt make things new just by saying i love you more than words la di da da di da di dai dai da now ive tried to talk to you and make you understand all you have to do is close your eyes and just reach out your hands and touch me hold me close dont ever let me go more than words is all i ever needed you to show then you wouldnt have to say that you love me cause id already know what would you do if my heart was torn in two more than words to show you feel that your love for me is real what would you say if i took those words away then you couldnt make things new just by saying i love you la di da da di da di dai dai da more than words la di da da di da di dai dai da more than words la di da da di da la di da da di da more than words la di da da di da di dai dai da la di da da di da more than words oh uh uh uh more than words,0,0,0,1,1,0
47,Nowhere Man,The Beatles,hes a real nowhere man sitting in his nowhere land making all his nowhere plans for nobody doesnt have a point of view knows not where hes going to isnt he a bit like you and me nowhere man please listen you dont know what youre missing nowhere man the world is at your command hes as blind as he can be just sees what he wants to see nowhere man can you see me at all nowhere man dont worry take your time dont hurry leave it all til somebody else lends you a hand ah la la la la doesnt have a point of view knows not where hes going to isnt he a bit like you and me nowhere man please listen you dont know what youre missing nowhere man the world is at your command ah la la la la hes a real nowhere man sitting in his nowhere land making all his nowhere plans for nobody making all his nowhere plans for nobody making all his nowhere plans for nobody,1,1,0,0,1,0
48,Oh Happy Day,Edwin Hawkin Singers,oh happy day oh happy day oh happy day oh happy day when jesus washed when jesus washed when jesus washed when jesus washed when jesus washed when jesus washed he washed my sins away oh happy day oh happy day oh happy day he taught me how to watch fight and pray fight and pray and live rejoicing every everyday oh happy day he taught me how oh happy day oh happy day oh happy day oh happy day oh happy day oh happy day,0,0,0,1,0,0
49,Only Girl,Rihanna,la la la la la la la la la la la la uh yeah la la la la i want you to love me like im a hot ride uh yeah be thinkin of me uh doin what you like so boy forget about the world cause its gon be me and you tonight yeah i wanna make you beg for it then im gon make you swallow your pride ooh want you to make me feel like im the only girl in the world like im the only one that youll ever love like im the only one who knows your heart only girl in the world like im the only one thats in command cause im the only one who understands how to make you feel like a man yeah want you to make me feel like im the only girl in the world like im the only one that youll ever love like im the only one who knows your heart only one want you to take it like a thief in the night hold me like a pillow make me feel right baby ill tell you all my secrets that im keepin you can come inside and when you enter you aint leavin be my prisoner for the night ooh want you to make me feel like im the only girl in the world like im the only one that youll ever love like im the only one who knows your heart only girl in the world like im the only one thats in command cause im the only one who understands like im the only one who knows your heart only one take me for a ride ride oh baby take me high high let me make you rise rise oh make it last all night night take me for a ride ride oh baby take me high high let me make you rise rise make it last all night want you to make me feel like im the only girl in the world like im the only one that youll ever love like im the only one who knows your heart only girl in the world like im the only one thats in command cause im the only one who understands how to make you feel like a man only girl in the world girl in the world only girl in the world girl in the world,0,0,0,1,0,0
50,Pack Up,Eliza Doolittle,i get tired and upset and im trying to care a little less when i google i only get depressed i was taught to dodge those issues i was told dont worry cos no doubt theres always something to cry about and when your stuck in an angry crowd they dont think what they say before they open their mouth you gotta pack up your troubles in your old kit bag and bury them beneath the sea i dont care what the people may say what the people may say about me pack up your troubles get your old grin back dont worry bout the cavalry i dont care what the whisperers say cos they whisper too loud for me hot topic maybe i should drop it its a touchy subject and i like to tiptoe round the ship going down you got pennies but no pounds so if your business is running out its not business to talk about but they dont think what they say before they open their mouth you gotta pack up your troubles in your old kit bag and bury them beneath the sea i dont care what the people may say what the people may say about me pack up your troubles get your old grin back dont worry bout the cavalry i dont care what the whisperers say cos they whisper too loud for me tweet tweet tweet tweet tweet pack up your troubles in your old kit bag and bury them beneath the sea i dont care what the people may say what the people may say about me pack up your troubles get your old grin back dont worry bout the cavalry i dont care what the whisperers say cos they whisper too loud for me yeah pack up pack up pack up pack up pack up pack up pack up pack up pack up pack up pack up pack up pack up pack up pack up pack up,1,1,0,1,0,0
51,Penny Lane,The Beatles,in penny lane there is a barber showing photographs of every head hes had the pleasure to know and all the people that come and go stop and say hello on the corner is a banker with a motorcar and little children laugh at him behind his back and the banker never wears a mac in the pouring rain very strange penny lane is in my ears and in my eyes there beneath the blue suburban skies i sit and meanwhile back in penny lane there is a fireman with an hourglass and in his pocket is a portrait of the queen he likes to keep his fire engine clean its a clean machine penny lane is in my ears and in my eyes a four of fish and finger pies in summer meanwhile back behind the shelter in the middle of the roundabout the pretty nurse is selling poppies from a tray and though she feels as if shes in a play she is anyway in penny lane the barber shaves another customer we see the banker sitting waiting for a trim and then the fireman rushes in from the pouring rain very strange penny lane is in my ears and in my eyes there beneath the blue suburban skies i sit and meanwhile back penny lane is in my ears and in my eyes there beneath the blue suburban skies penny lane,0,0,0,1,1,1
52,People,Barbara Streisand,people people who need people are the luckiest people in the world were children needing other children and yet letting a grownup pride hide all the need inside acting more like children than children lovers very special people theyre the luckiest people in the world with one person one person one very special person one very special person a feeling deep in your soul in your soul says you were half now youre whole no more hunger and thirst first be a person who needs people people who need people are the luckiest people in the world no more hunger or thirst first be a person who needs people people need people people who need people are the luckiest luckiest people in the world people who need people in the world people who need people send them your love who need people people who need people in the world people who need people send them your love oh those people people who need people in the world people who need people send them your love people who need people in the world people who need people send them your love people people who need people in the world send them your love,0,0,0,1,1,0
53,Purple Rain,"Prince, The Revolution",i never meant to cause you any sorrow i never meant to cause you any pain i only wanted to one time to see you laughing i only wanted to see you laughing in the purple rain purple rain purple rain purple rain purple rain purple rain purple rain i only wanted to see you bathing in the purple rain i never wanted to be your weekend lover i only wanted to be some kind of friend baby i could never steal you from another its such a shame our friendship had to end purple rain purple rain purple rain purple rain purple rain purple rain i only wanted to see you underneath the purple rain honey i know i know i know times are changing its time we all reach out for something new that means you too you say you want a leader but you cant seem to make up your mind i think you better close it and let me guide you to the purple rain purple rain purple rain purple rain purple rain if you know what im singing about up here cmon raise your hand purple rain purple rain i only want to see you only want to see you in the purple rain,0,0,0,1,1,0
54,Rag Doll,Aerosmith,rag doll livin in a movie hot tramp daddys little cutie youre so fine theyll never see ya leavin by the back door mam hot time get it while its easy dont mind come on up and see me rag doll baby wont you do me like you done before im feelin like a bad boy mm just a like a bad boy im rippin up a rag doll like throwin away an old toy some babes talkin real loud talkin all about the new crowd try and tell me of an old dream a new version of the old scene speak easy on the grape vine keep shufflin in a shoe shine old tin lizzy do it till youre dizzy give it all ya got until youre put out of your misery rag doll livin in a movie hot tramp daddys little cutie youre so fine theyll never see ya leavin by the back door mam hot time get it while its easy dont mind come on up and see me rag doll baby wont you do me like you done before yes im movin yes im movin get ready for the big time tap dancing on a land mine yes im movin yes im movin old tin lizzy do it till youre dizzy give it all ya got until youre put out of your misery rag doll livin in a movie hot tramp daddys little cutie youre so fine theyll never see ya leavin by the back door mam hot time get it while its easy dont mind come on up and see me rag doll baby wont ya do me baby wont ya do me baby wont ya do me like you done before yes im movin yes im movin get ready for the big time get crazy on the moon shine yes im movin im really movin sloe gin fizzy do it till youre dizzy give it all ya got until youre put out of your misery rag doll livin in a movie hot tramp daddys little cutie youre so fine theyll never see ya leavin by the back door mam hot time get it while its easy dont mind come on up and see me rag doll baby wont you do me like you done before,0,0,0,1,1,0
55,Rain,Mika,is it really necessary every single day youre making me more ordinary in every possible way this ordinary mind is broken you did it and you dont even know youre leaving me with words unspoken you better get back because im ready for more than this whatever it is baby i hate days like this caught in a trap i cant look back baby i hate days like this when it rain and rain and rain and rain when it rain and rain and rain and rain when it rain and rain and rain and rain when it rain and rain and rain and rain more than this baby i hate days like is it really necessary every single day youre making me more ordinary in every possible way this ordinary mind is broken you did it and you dont even know youre leaving me with words unspoken you better get back because im ready for more than this whatever it is baby i hate days like this caught in a trap i cant look back baby i hate days like this when it rain and rain and rain and rain when it rain and rain and rain and rain when it rain and rain and rain and rain when it rain and rain and rain and rain when it rain and rain and rain and rain when it rain and rain and rain and rain when it rain and rain and rain and rain when it rain and rain and rain and rain more than this baby i hate days like this more than this baby i hate days like,1,0,1,0,1,0
56,Replay,Izaz,shawtys like a melody in my head that i cant keep out got me singin like na na na na everyday its like my ipods stuck on replay replayayayay shawtys like a melody in my head that i cant keep out got me singin like na na na na everyday its like my ipods stuck on replay replay remember the first time we met you was at the mall wit yo friend i was scared to approach ya but then you came closer hopin you would give me a chance who would have ever knew that we would ever be more than friends were real worldwide breakin all the rules she like a song played again and again that girl like somethin off a poster that girl is a dime they say that girl is the gun to my holster shes runnin through my mind all day shawtys like a melody in my head that i cant keep out got me singin like na na na na everyday its like my ipods stuck on replay replayayayay shawtys like a melody in my head that i cant keep out got me singin like na na na na everyday its like my ipods stuck on replay replayayayay see you been all around the globe not once did you leave my mind we talk on the phone from night til the morn girl you really changed my life doin things i never do im in the kitchin cookin things she likes were real worldwide breakin all the rules someday i wanna make you my wife that girl like somethin off a poster that girl is a dime they say that girl is the gun to my holster shes runnin through my mind all day shawtys like a melody in my head that i cant keep out got me singin like na na na na everyday its like my ipods stuck on replay replayayayay shawtys like a melody in my head that i cant keep out got me singin like ay na na na na everyday its like my ipods stuck on replay replayayayay i can be your melody a girl that could write you a symphony the one that could fill your fantasies so come baby girl lets sing with me ay i can be your melody a girl that could write you a symphony the one that could fill your fantasies so come baby girl lets sing with me na na na na na na na na na na na na na shawty got me singin na na na na na na na na na na na na na now she got me singin shawtys like a melody in my head that i cant keep out got me singin like na na na na everyday its like my ipods stuck on replay replayayayay shawtys like a melody in my head that i cant keep out got me singin like na na na na everyday its like my ipods stuck on replay replayayayay,0,0,0,1,0,0
57,Roadhouse Blues,The Doors,ah keep your eyes on the road your hands upon the wheel keep your eyes on the road your hands upon the wheel yeah were going to the roadhouse gonna have a real goodtime yeah the back of the roadhouse theyve got some bungalows yeah the back of the roadhouse theyve got some bungalows they dance for the people who like to go down slow let it roll baby roll let it roll baby roll let it roll baby roll let it roll all night long do it robby do it you gotta roll roll roll you gotta thrill my soul alright roll roll roll rolla thrill my soul ashenlady ashenlady give up your vows give up your vows save our city save our city ah right now well i woke up this morning and i got myself a beer well i woke up this morning and i got myself a beer the futures uncertain and the end is always near let it roll baby roll let it roll baby roll let it roll baby roll let it roll all night long,0,0,1,1,0,0
58,Rock And Roll,Led Zeppelin,its been a long time since i rock and rolled its been a long time since i did the stroll oh let me get it back let me get it back let me get it back baby where i come from its been a long time been a long time been a long lonely lonely lonely lonely lonely time yes it has its been a long time since the book of love i cant count the tears of a life with no love carry me back carry me back carry me back baby where i come from its been a long time been a long time been a long lonely lonely lonely lonely lonely time seems so long since we walked in the moonlight making vows that just cant work right open your arms opens your arms open your arms baby let my love come running in its been a long time been a long time been a long lonely lonely lonely lonely lonely time ooh yeah ooh yeah ooh yeah ooh yeah its been a long time been a long time been a long lonely lonely lonely lonely lonely time,0,0,0,1,1,0
59,Roxanne,The Police,roxanne you dont have to put on the red light those days are over you dont have to sell your body to the night roxanne you dont have to wear that dress tonight walk the streets for money you dont care if its wrong or if its right roxanne you dont have to put on the red light roxanne you dont have to put on the red light put on the red light roxanne put on the red light roxanne put on the red light roxanne put on the red light roxanne put on the red light oh i loved you since i knew ya i wouldnt talk down to ya i have to tell you just how i feel i wont share you with another boy i know my mind is made up so put away your makeup told you once i wont tell you again its a bad way roxanne you dont have to put on the red light roxanne you dont have to put on the red light you dont have to put on the red light roxanne roxanne put on the red light roxanne put on the red light roxanne put on the red light roxanne put on the red light roxanne put on the red light roxanne put on the red light roxanne put on the red light roxanne put on the red light roxanne put on the red light you dont have to put on the red light roxanne roxanne put on the red light you dont have to put on the red light roxanne roxanne put on the red light roxanne put on the red light roxanne put on the red light roxanne put on the red light,1,0,0,0,1,0
60,Russians,Sting,in europe and america theres a growing feeling of hysteria conditioned to respond to all the threats in the rhetorical speeches of the soviets mister krushchev said we will bury you i dont subscribe to this point of view itd be such an ignorant thing to do if the russians love their children too how can i save my little boy from oppenheimers deadly toy there is no monopoly on common sense on either side of the political fence we share the same biology regardless of ideology believe me when i say to you i hope the russians love their children too there is no historical precedent to put the words in the mouth of the president theres no such thing as a winnable war its a lie we dont believe anymore mister reagan says we will protect you i dont subscribe to this point of view believe me when i say to you i hope the russians love their children too we share the same biology regardless of ideology but what might save us me and you is if the russians love their children too,1,1,1,0,1,0
61,Shame,Robbie Williams,well theres three versions of this story mine and yours and then the truth now we can put it down to circumstance our childhood then our youth out of some sentimental gain i wanted you to feel my pain but it came back return to sender i read your mind and tried to call my tears could fill the albert hall is this the sound of sweet surrender what a shame we never listened i told you through the television and all that went away was the price we paid people spend a lifetime this way oh what a shame so i got busy throwing everybody underneath the bus oh and with your poster  foot high at the back of toysrus i wrote a letter in my mind but the words were so unkind about a man i cant remember i dont recall the reasons why i must have meant them at the time is this the sound of sweet surrender what a shame we never listened i told you through the television and all that went away was the price we paid people spend a lifetime this way and thats how they stay oh what a shame words come easy when theyre true words come easy when theyre true so i got busy throwing everybody underneath the bus and with your poster  foot high at the back of toysrus now we can put it down to circumstance our childhood then our youth what a shame we never listened i told you through the television and all that went away was the price we paid people spend a lifetime this way and thats how they stay people spend a lifetime this way oh what a shame what a shame ooh such a shame what a shame beautiful shame real shame and stuff double shame shame shame shame,1,1,1,0,1,0
62,Shape Of My Heart,Sting,he deals the cards as a meditation and those he plays never suspect he doesnt play for the money he wins he dont play for respect he deals the cards to find the answer the sacred geometry of chance the hidden law of a probable outcome the numbers lead a dance i know that the spades are the swords of a soldier i know that the clubs are weapons of war i know that diamonds mean money for this art but thats not the shape of my heart he may play the jack of diamonds he may lay the queen of spades he may conceal a king in his hand while the memory of it fades i know that the spades are the swords of a soldier i know that the clubs are weapons of war i know that diamonds mean money for this art but thats not the shape of my heart thats not the shape the shape of my heart if i told her that i loved you youd maybe think theres something wrong im not a man of too many faces the mask i wear is one but those who speak know nothing and find out to their cost like those who curse their luck in too many places and those who fear are lost i know that the spades are the swords of a soldier i know that the clubs are weapons of war i know that diamonds mean money for this art but thats not the shape of my heart thats not the shape of my heart thats not the shape the shape of my heart,1,0,0,0,1,0
63,Since I've Been Loving You,Led Zeppelin,workin from seven to eleven every night it really makes life a drag i dont think thats right ive really been the best of fools i did what i could yeah cause i love you baby how i love you darling how i love you baby my beloved little girl little girl but baby since ive been loving you yeah im about to lose my worried mind oh yeah everybody trying to tell me that you didnt mean me no good ive been trying lord let me tell you let me tell you i really did the best i could ive been working from seven to eleven every night i said it kinda makes my life a drag lord that aint right no no since ive been loving you im about to lose my worried mind watch out said ive been crying yeah oh my tears they fell like rain dont you hear dont you hear them falling dont you hear dont you hear them falling do you remember mama when i knocked upon your door i said you had the nerve to tell me you didnt want me no more yeah i open my front door hear my back door slam you know you must have one of them new fangled new fangled back door man ive been working from seven seven seven to eleven every night it kinda makes my life a drag a drag drag ah yeah it makes a drag baby since ive been loving you im about to lose im about to lose lose my worried mind just one more just one more oh yeah since ive been loving you im about to lose my worried mind,1,1,1,1,1,1
64,Smells Like Teen Spirit,Nirvana,load up on guns bring your friends its fun to lose and to pretend shes overbored and selfassured oh no i know a dirty word hello hello hello how low hello hello hello how low hello hello hello how low hello hello hello with the lights out its less dangerous here we are now entertain us i feel stupid and contagious here we are now entertain us a mulatto an albino a mosquito my libido yeah hey im worse at what i do best and for this gift i feel blessed our little group has always been and always will until the end hello hello hello how low hello hello hello how low hello hello hello how low hello hello hello with the lights out its less dangerous here we are now entertain us i feel stupid and contagious here we are now entertain us a mulatto an albino a mosquito my libido yeah hey and i forget just why i taste oh yeah i guess it makes me smile i found it hard its hard to find oh well whatever never mind hello hello hello how low hello hello hello how low hello hello hello how low hello hello hello with the lights out its less dangerous here we are now entertain us i feel stupid and contagious here we are now entertain us a mulatto an albino a mosquito my libido a denial a denial a denial a denial a denial a denial a denial a denial a denial,0,0,0,1,0,1
65,Smoke On The Water,Deep Purple,we all came out to montreux on the lake geneva shoreline to make records with a mobile we didnt have much time frank zappa and the mothers were at the best place around but some stupid with a flare gun burned the place to the ground smoke on the water fire in the sky smoke on the water they burned down the gambling house it died with an awful sound funky claude was running in and out pulling kids out the ground when it all was over we had to find another place but swiss time was running out it seemed that we would lose the race smoke on the water fire in the sky smoke on the water we ended up at the grand hotel it was empty cold and bare but with the rolling truck stones thing just outside making our music there with a few red lights and a few old beds we make a place to sweat no matter what we get out of this i know well never forget smoke on the water fire in the sky smoke on the water,0,0,1,1,1,1
66,Smooth Operator,Sade,hes laughing with another girl and playing with another heart placing high stakes making hearts ache hes loved in seven languages diamond nights and ruby lights high in the sky heaven help him when he falls diamond life lover boy we move in space with minimum waste and maximum joy city lights and business nights when you require streetcar desire for higher heights no place for beginners or sensitive hearts when sentiment is left to chance no place to be ending but somewhere to start no need to ask hes a smooth operator smooth operator smooth operator smooth operator coast to coast la to chicago western male across the north and south to key largo love for sale face to face each classic case we shadow box and double cross yet need the chase a license to love insurance to hold melts all your memories and change into gold his eyes are like angels but his heart is cold no need to ask hes a smooth operator smooth operator smooth operator smooth operator coast to coast la to chicago western male across the north and south to key largo love for sale smooth operator smooth operator smooth operator smooth operator smooth operator  extra  hes laughing with another girl and playing with another heart placing high stakes making hearts ache hes loved in seven languages diamond nights and ruby lights high in the sky heaven help him when he falls,0,0,0,1,1,0
67,S.O.S.,ABBA,where are those happy days they seem so hard to find i tried to reach for you but you have closed your mind whatever happened to our love i wish i understood it used to be so nice it used to be so good so when youre near me darling cant you hear me s o s the love you gave me nothing else can save me s o s when youre gone how can i even try to go on when youre gone though i try how can i carry on you seem so far away though you are standing near you made me feel alive but something died i fear i really tried to make it out i wish i understood what happened to our love it used to be so good so when youre near me darling cant you hear me s o s the love you gave me nothing else can save me s o s when youre gone how can i even try to go on when youre gone though i try how can i carry on so when youre near me darling cant you hear me s o s and the love you gave me nothing else can save me s o s when youre gone how can i even try to go on when youre gone though i try how can i carry on when youre gone how can i even try to go on when youre gone though i try how can i carry on,0,1,1,0,1,0
68,Stairway To Heaven,Led Zeppelin,theres a lady whos sure all that glitters is gold and shes buying a stairway to heaven when she gets there she knows if the stores are all closed with a word she can get what she came for oh oh oh oh and shes buying a stairway to heaven theres a sign on the wall but she wants to be sure cause you know sometimes words have two meanings in a tree by the brook theres a songbird who sings sometimes all of our thoughts are misgiving ooh it makes me wonder ooh it makes me wonder theres a feeling i get when i look to the west and my spirit is crying for leaving in my thoughts i have seen rings of smoke through the trees and the voices of those who standing looking ooh it makes me wonder ooh it really makes me wonder and its whispered that soon if we all call the tune then the piper will lead us to reason and a new day will dawn for those who stand long and the forests will echo with laughter if theres a bustle in your hedgerow dont be alarmed now its just a spring clean for the may queen yes there are two paths you can go by but in the long run theres still time to change the road youre on and it makes me wonder your head is humming and it wont go in case you dont know the pipers calling you to join him dear lady can you hear the wind blow and did you know your stairway lies on the whispering wind and as we wind on down the road our shadows taller than our soul there walks a lady we all know who shines white light and wants to show how everything still turns to gold and if you listen very hard the tune will come to you at last when all are one and one is all to be a rock and not to roll and shes buying a stairway to heaven,0,0,0,1,0,1
69,Stay The Night,James Blunt,whoa whoa whoa hey its seventytwo degrees zero chance of rain its been a perfect day were all spinning on our heels so far away from real in california we watched the sunset from my car we all took it in and by the time that it was dark you and me had something yeah and if this is what weve got then what weve got is gold were shining bright and i want you i want you to know the mornings on its way our friends all say goodbye theres nowhere else to go i hope that youll stay the night whoa youll stay the night whoa yeah weve been singing billie jean mixin vodka with caffeine weve got strangers stopping by and though youre out of tune girl you blow my mind you do and ill say as i dont wanna say goodnight if theres no quiet corner to get to know each other then theres no hurry im a patient man as youll discover cause if this is what weve got then what weve got is gold were shining bright and i want you i want you to know the mornings on its way our friends all say goodbye theres nowhere else to go i hope that youll stay the night whoa youll stay the night whoa yeah just like the song on my radio set well share the shelter of my single bed but its a different tune thats stuck in my head and it goes if this is what weve got then what weve got is gold were shining bright and i want you i want you to know the mornings on its way our friends all say goodbye theres nowhere else to go i hope that youll stay the night if this is what weve got then what weve got is gold were shining bright and i want you i want you to know the mornings on its way our friends all say goodbye theres nowhere else to go i hope that youll stay the night,0,0,0,1,1,1
70,Stereo Love,"Edward Maya, Vika Jigulina",when youre gonna stop breaking my heart i dont wanna be another one paying for the things i never done dont let go dont let go to my love can i get to your soul can you get to my thought can we promise we wont let go all the things that i need all the things that you need you can make it feel so real cause you cant deny youve blown my mind when i touch your body i feel im losing control cause you cant deny youve blown my mind when i see you baby i just dont want to let go i hate to see you cry your smile is a beautiful lie i hate to see you cry my love is dying inside i can fix all those lies oh baby baby i run but im running to you you wont see me cry im hiding inside my heart is in pain but im smiling for you can i get to your soul can you get to my thought can we promise we wont let go all the things that i need all the things that you need you can make it feel so real cause you cant deny youve blown my mind when i touch your body i feel im losing control cause you cant deny youve blown my mind when i see you baby i just dont want to let go when youre gonna stop breaking my heart dont let go dont let go to my love i hate to see you cry your smile is a beautiful lie i hate to see you cry my love is dying inside i hate to see you cry my love is dying inside i hate to see you cry my love is dying inside i can fix all those lies oh baby baby i run but im running to you you wont see me cry im hiding inside my heart is in pain but im smiling for you oh baby ill try to make the things right i need you more than air when im not with you please dont ask me why just kiss me this time my only dream is about you and i,0,0,0,1,1,0
71,Still Got The Blues,Gary Moore,used to be so easy to give my heart away but i found out the hard way theres a price you have to pay i found out that love was no friend of mine i should have known time after time so long it was so long ago but ive still got the blues for you used to be so easy to fall in love again but i found out the hard way its a road that leads to pain i found that love was more than just a game youre playin to win but you lose just the same so long it was so long ago but ive still got the blues for you so many years since ive seen your face here in my heart theres an empty space where you used to be so long it was so long ago but ive still got the blues for you though the days come and go there is one thing i know ive still got the blues for you,0,0,0,0,1,0
72,Strange Kind Of Woman,Deep Purple,there once was a woman a strange kind of woman the kind that gets written down in history her name was nancy her face was nothing fancy she left a trail of happiness and misery i loved her everybody loved her she loved everyone and gave them good return i tried to take her i even tried to break her she said i aint for takin wont you ever learn i want you i need you i gotta be near you i spent my money as i took my turn i want you i need you gotta be near you ooh i got a strange kind of woman she looked like a raver but i could never please her on wednesday mornings boy you cant go far i couldnt get her but things got better she said saturday nights from now on baby youre my star she finally said she loved me i wed her in a hurry no more callers and i glowed with pride im dreaming i feel like screaming i won my woman just before she died i want you i need you i gotta be near you i spent my money as i took my turn i want you i need you i gotta be near you ooh i had a strange kind of woman,0,0,0,1,1,0
73,Sweet Home Alabama,Lynyrd Skynrd,big wheels keep on turning carry me home to see my kin singing songs about the southland i miss alabamy once again and i think its a sin yes well i heard mister young sing about her southern man well i heard ol neil put her down well i hope neil young will remember a southern man dont need him around anyhow sweet home alabama where the skies are so blue sweet home alabama lord im coming home to you in birmingham they love the governor boo boo boo now we all did what we could do now watergate does not bother me does your conscience bother you tell the truth sweet home alabama where the skies are so blue sweet home alabama lord im coming home to you here i come alabama now muscle shoals has got the swampers and theyve been known to pick a song or two yes they do lord they get me off so much they pick me up when im feeling blue now how bout you sweet home alabama where the skies are so blue sweet home alabama lord im coming home to you sweet home alabama oh sweet home baby where the skies are so blue and the governors true sweet home alabama lordy lord im coming home to you yeah yeah my montgomerys got the answer,0,0,0,1,0,0
74,Telephone,Lady Gaga,hello hello baby you called i cant hear a thing i have got no service in the club you see see whawhawhat did you say oh youre breaking up on me sorry i cannot hear you im kinda busy kkinda busy kkinda busy sorry i cannot hear you im kinda busy just a second its my favorite song theyre gonna play and i cannot text you with a drink in my hand eh you shoulda made some plans with me you knew that i was free and now you wont stop calling me im kinda busy stop callin stop callin i dont wanna think any more i left my head and heart on the dance floor stop callin stop callin i dont wanna talk anymore i got my head and my heart on the dance floor eh eh eh eh eh eh eh eh eh eh stop telephonin me eh eh eh eh eh eh eh eh eh im busy eh eh eh eh eh eh eh eh stop telephonin me eh eh eh eh eh eh eh call all you want but theres no one home and youre not gonna reach my telephone out in the club and im sippin that bub and youre not gonna reach my telephone call all you want but theres no one home and youre not gonna reach my telephone out in the club and im sippin that bub and youre not gonna reach my telephone boy the way you blowin up my phone wont make me leave no faster put my coat on faster leave my girls no faster i shoulda left my phone at home cause this is a disaster callin like a collector sorry i cannot answer not that i dont like you im just at a party and i am sick and tired of my phone ringin sometimes i feel like i live in grand central station tonight im not takin no calls cause ill be dancin cause ill be dancin cause ill be dancin tonight im not takin no calls cause ill be dancin stop callin stop callin i dont wanna think any more i left my head and my heart on the dance floor stop callin stop callin i dont wanna talk any more i left my head and my heart on the dance floor stop callin stop callin i dont wanna think any more i left my head and my heart on the dance floor stop callin stop callin i dont wanna talk any more i left my head and my heart on the dance floor eh eh eh eh eh eh eh eh eh eh stop telephonin me eh eh eh eh eh eh eh eh eh im busy eh eh eh eh eh eh eh stop telephonin me eh eh eh eh eh eh eh can call all you want but theres no one home and youre not gonna reach my telephone cause im out in the club and im sippin that bub and youre not gonna reach my telephone call all you want but theres no one home and youre not gonna reach my telephone cause im out in the club and im sippin that bub and youre not gonna reach my telephone my telephone mmmy telephone cause im out in the club and im sippin that bub and youre not gonna reach my telephone my telephone mmmy telephone cause im out in the club and im sippin that bub and youre not gonna reach my telephone were sorry the number you have reached is not in service at this time please check the number or try your call again,1,1,0,1,1,1
75,The Flood,Take That,standing on the edge of forever at the start of whatever shouting love at the world back then we were like cavemen but we map the moon and the stars then we forgave them we will meet you where the lights are the defenders of the faith we are where the thunder turns around theyll run so hard well tear the ground away you know no one dies in these love drowned eyes through our love drowned eyes well watch you sleep tonight although no one understood we were holding back the flood learning how to dance the rain we were holding back the flood they said wed never dance again bleeding but none of us leaving watch your mouth son or youll find yourself floating home here we come now on a dark star seeing demons not what we are tiny minds and eager hands will try to strike but now will end today theres progress now where there once was none where there once was none then everything came along although no one understood we were holding back the flood learning how to dance the rain there was more of them than us now theyll never dance again although no one understood there was more of them than us learning how to dance the rain we were holding back the flood they said wed never dance again we will meet you where the lights are the defenders of the faith we are where the thunder turns around theyll run so hard well tear the ground away although no one understood there was more of them than us learning how to dance the rain learning how to dance the rain there was more of them than us now theyll never dance again now well never dance again oh ah oh ah oh ah oh ah oh ah oh ah oh ah,0,0,1,1,1,0
76,The Joker,Steve Miller,some people call me the space cowboy yeah some call me the gangster of love some people call me maurice cause i speak of the pompatus of love people talk about me baby say im doin you wrong doin you wrong well dont you worry baby dont worry cause im right here right here right here right here at home cause im a picker im a grinner im a lover and im a sinner i play my music in the sun im a joker im a smoker im a midnight toker i sure dont want to hurt no one im a picker im a grinner im a lover and im a sinner i play my music in the sun im a joker im a smoker im a midnight toker i get my lovin on the run woohoo woohoo youre the cutest thing that i ever did see i really love your peaches want to shake your tree loveydovey loveydovey loveydovey all the time oooeee baby ill sure show you good time cause im a picker im a grinner im a lover and im a sinner i play my music in the sun im a joker im a smoker im a midnight toker i get my lovin on the run im a picker im a grinner im a lover and im a sinner l play my music in the sun im a joker im a smoker im a midnight toker i sure dont want to hurt no one woohoo woohoo people keep talking about me baby say im doin you wrong well dont you worry dont worry no dont worry mama cause im right here at home youre the cutest thing i ever did see i really love your peaches want to shake your tree loveydovey loveydovey loveydovey all the time cmon baby and ill show you a good time,0,0,0,1,0,0
77,The Way We Were,Barbara Streisand,memories light the corners of my mind misty watercolored memories of the way we were scattered pictures of the smiles we left behind smiles we gave to one another for the way we were can it be that it was all so simple then or has time rewritten every line if we had the chance to do it all again tell me would we could we memories may be beautiful and yet whats too painful to remember we simply choose to forget so its the laughter we will remember whenever we remember the way we were the way we were,0,0,0,1,1,1
78,The Winner Takes It All,ABBA,i dont want to talk about the things weve gone through though its hurting me now its history ive played all my cards and thats what youve done too nothing more to say no more ace to play the winner takes it all the loser standing small beside the victory thats her destiny i was in your arms thinking i belonged there i figured it made sense building me a fence building me a home thinking id be strong there but i was a fool playing by the rules the gods may throw a dice their minds as cold as ice and someone way down here loses someone dear the winner takes it all the loser has to fall its simple and its plain why should i complain but tell me does she kiss like i used to kiss you does it feel the same when she calls your name somewhere deep inside you must know i miss you but what can i say rules must be obeyed the judges will decide the likes of me abide spectators of the show always staying low the game is on again a lover or a friend a big thing or a small the winner takes it all i dont want to talk if it makes you feel sad and i understand youve come to shake my hand i apologize if it makes you feel bad seeing me so tense no selfconfidence but you see the winner takes it all the winner takes it all so the winner takes it all and the the loser has to fall throw a dice cold as ice way down here someone dear takes it all has to fall it seems plain to me,1,1,1,0,1,0
79,Under The Bridge,Red Hot Chili Peppers,sometimes i feel like i dont have a partner sometimes i feel like my only friend is the city i live in the city of angels lonely as i am together we cry i drive on her streets cause shes my companion i walk through her hills cause she knows who i am she sees my good deeds and she kisses me windy well i never worry now that is a lie i dont ever wanna feel like i did that day take me to the place i love take me all the way i dont ever wanna feel like i did that day take me to the place i love take me all the way yeah yeah yeah its hard to believe that theres nobody out there its hard to believe that im all alone at least i have her love the city she loves me lonely as i am together we cry i dont ever wanna feel like i did that day take me to the place i love take me all the way i dont ever wanna feel like i did that day take me to the place i love take me all the way yeah yeah yeah oh no nono yeah yeah love me i say yeah yeah one time is where i drew some blood under the bridge downtown i could not get enough under the bridge downtown forgot about my love under the bridge downtown i gave my life away yeah yeah oh no nonono yeah yeah oh no i said oh yeah yeah where i stay,1,1,1,1,1,0
80,Waka Waka,Shakira,youre a good soldier choosing your battles pick yourself up and dust yourself off and back in the saddle youre on the front line everyones watching you know its serious were getting closer this isnt over the pressure is on you feel it but youve got it all believe it when you fall get up oh oh and if you fall get up oh oh tsamina mina zangalewa cause this is africa tsamina mina eh eh waka waka eh eh tsamina mina zangalewa this time for africa listen to your god this is our motto your time to shine dont wait in line y vamos por todo people are raising their expectations go on and feed them this is your moment no hesitations todays your day i feel it you paved the way believe it if you get down get up oh oh when you get down get up eh eh tsamina mina zangalewa this time for africa tsamina mina eh eh waka waka eh eh tsamina mina zangalewa anawa aa tsamina mina eh eh waka waka eh eh tsamina mina zangalewa this time for africa ame la mejole biggi biggi mubbo wa a to z asi tsu zala makyuni biggi biggi mubbo from east to west asi waga waga ma eh eh waga waga ma eh eh tendency suna tsibuye cause this is africa africa africa africa tsamina mina anawa a a tsamina mina tsamina mina anawa a a tsamina mina eh eh waka waka eh eh tsamina mina zangalewa anawa a a tsamina mina eh eh waka waka eh eh tsamina mina zangalewa this time for africa django eh eh django eh eh tsamina mina zangalewa anawa a a django eh eh django eh eh tsamina mina zangalewa anawa a a this time for africa this time for africa were all africa were all africa,0,0,0,1,0,1
81,Well Well Well,Duffy,well well well well well well well well well well well well highly suspicious where was i last night seek and you shall find and it goes in my mind you make me draw the line i didnt commit any crime im not guilty of what youre saying i do im not guilty of what youre saying i do well well well why you giving me the third degree why you giving me the third degree when im not guilty of what youre saying i do im not guilty of what youre saying i do im not that cagey but i dont need to explain theres nothing to blame youll only drive me away theres so many questions everyday you make me go insane im not guilty of what youre saying i do im not guilty of what youre saying i do well well well why you giving me the third degree why you giving me the third degree when im not guilty of what youre saying i do im not guilty of what youre saying i do well well well well well well well well well well well well im not guilty of what youre saying i do you know im not guilty of what youre saying i do why you giving me the third degree why you giving me the third degree just why you giving me the third degree why you giving me the third degree well well well,1,0,0,1,1,0
82,White Knuckle Ride,Jamiroquai,yeah gonna make it better ooohhh yeah yeah gonna make it right here it is theres a way to make it better it gets you down its the pressure pressure im serious trouble genies  on the way got a little something for ya its the pressure pressure it gets ya now it really aint what you know  but im giving it away i cant let this pressure go this pressures here to stay yeah yeah white knuckle ride gonna make it better white knuckle ride im on it baby ooh baby yeah white knuckle ride gonna make it right white knuckle ride im on it its not so easy to control pressure its not so easy to control pressure theres always an easy way to make it better there it is there it is couldnt change it if i wanted can taste it all the time its the pressure pressure yeah hey oh baby say were two alike  dont know if i can recover dont know if i can recover got me round its little finger got me by its little finger pressure pressure whoa whoa whoa there it is couldnt change it if i wanted to taste it all the time so return to life  dont know if i can recover when i taste it all the time taste it all the time yeah yeah white knuckle ride gonna make it better white knuckle ride im on it baby ooh baby yeah white knuckle ride gonna make it right white knuckle ride im on it its not so easy to control pressure its not so easy to control pressure theres always an easy way to make it better yeah white knuckle ride gonna make it better white knuckle ride im on it baby ooh baby yeah white knuckle ride gonna make it right white knuckle ride im on it its not so easy to control pressure its not so easy to control pressure theres always an easy way to make it better took a white knuckle ride baby,0,0,1,1,0,0
83,Wish You Were Here,David Gilmour,so so you think you can tell heaven from hell blue skies from pain can you tell a green field from a cold steel rail a smile from a veil do you think you can tell and did they get you to trade your heroes for ghosts hot ashes for trees hot air for a cool breeze cold comfort for change and did you exchange a walk on part in the war for a leading role in a cage how i wish how i wish you were here were just two lost souls swimming in a fish bowl year after year running over the same old ground what have we found the same old fears wish you were here,1,1,0,1,1,1
84,With A Little Help From My Friends,The Beatles,what would you think if i sang out of tune would you stand up and walk out on me lend me your ears and ill sing you a song and ill try not to sing out of key oh i get by with a little help from my friends mm i get high with a little help from my friends mm gonna try with a little help from my friends  what do i do when my love is away does it worry you to be alone how do i feel by the end of the day are you sad because youre on your own  no i get by with a little help from my friends mm get high with a little help from my friends mm im gonna try with a little help from my friends   do you need anybody i need somebody to love could it be anybody i want somebody to love  would you believe in a love at first sight yes im certain that it happens all the time what do you see when you turn out the light i cant tell you but i know its mine oh i get by with a little help from my friends mm get high with a little help from my friends oh im gonna try with a little help from my friends  do you need anybody i just need someone to love could it be anybody i want somebody to love   oh i get by with a little help from my friends mm gonna try with a little help from my friends oh i get high with a little help from my friends yes i get by with a little help from my friends with a little help from my friends,0,0,0,1,0,1
85,Woman In Love,Barbara Streisand,life is a moment in space when the dream is gone its a lonelier place i kiss the morning goodbye but down inside you know we never know why the road is narrow and long when eyes meet eyes and the feeling is strong i turn away from the wall i stumble and fall but i give you it all i am a woman in love and i do anything to get you into my world and hold you within its a right i defend over and over again what do i do with you eternally mine in love there is no measure of time we planned it all at the start that you and i live in each others hearts we may be oceans away you feel my love i hear what you say no truth is ever a lie i stumble and fall but i give you it all i am a woman in love and i do anything to get you into my world and hold you within its a right i defend over and over again what do i do i am a woman in love and im talking to you you know i know how it feels what a woman can do its a right i defend over and over again i am a woman in love and i do anything to get you into my world and hold you within its a right i defend over and over again,0,0,0,1,1,0
86,Yesterday,The Beatles,yesterday all my troubles seemed so far away now it looks as though theyre here to stay oh i believe in yesterday suddenly im not half the man i used to be theres a shadow hanging over me oh yesterday came suddenly why she had to go i dont know she wouldnt say i said something wrong now i long for yesterday yesterday love was such an easy game to play now i need a place to hide away oh i believe in yesterday why she had to go i dont know she wouldnt say i said something wrong now i long for yesterday yesterday love was such an easy game to play now i need a place to hide away oh i believe in yesterday,0,0,0,0,1,0
87,You're Not Alone,Olive,in a way its all a matter of time i will not worry for you youll be just fine take my thoughts with you and when you look behind you will surely see a face that you recognize youre not alone ill wait til the end of time open your mind surely its plain to see youre not alone ill wait til the end of time for you open your mind surely theres time to be with me it is the distance that makes life a little hard two minds that once were close now so many miles apart i will not falter though ill hold on til youre home safely back where you belong and see how our love has grown youre not alone ill wait til the end of time open your mind surely its plain to see youre not alone ill wait till the end of time for you open your mind surely theres time to be with me  youre not alone ill wait til the end of time open your mind surely its plain to see youre not alone ill wait til the end of time for you open your mind surely theres time to be with me  youre not alone ill wait til the end of time open your mind baby theres time to be with me youre not alone ill wait til the end of time open your mind surely theres time to be with me youre not alone ill wait til the end of time for you open your mind baby theres time for me and you,0,0,0,1,1,0
88,Your Love Is King,Sade,your love is king crown you in my heart your love is king never need to part your kisses ring round and round and round my head touching the very part of me its making my soul sing tearing the very heart of me im crying out for more your love is king crown you in my heart your love is king youre the ruler of my heart your kisses ring round and round and round my head touching the very part of me its making my soul sing im crying out for more your love is king im coming on im coming youre making me dance inside your love is king crown you in my heart your love is king never need to part your kisses ring round and round and round my head touching the very part of me its making my soul sing tearing the very heart of me im crying out for more touching the very part of me its making my soul sing im crying out for more your love is king this is no blind faith this is no sad or sorry dream this is no blind faith your love your love is real gotta crown me with your heart your love is king never never need to part your love is king touch me your love is king im coming your love is king your love is king making me dance,0,0,0,1,1,1
89,You Shook Me All Night Long,ABBA,she was a fast machine she kept her motor clean she was the best damn woman i had ever seen she had the sightless eyes telling me no lies knockin me out with those american thighs taking more than her share had me fighting for air she told me to come but i was already there cause the walls start shaking the earth was quaking my mind was aching and we were making it and you shook me all night long yeah you shook me all night long working double time on the seduction line she was one of a kind shes just mine all mine wanted no applause just another course made a meal out of me and came back for more had to cool me down to take another round now im back in the ring to take another swing cause the walls were shaking the earth was quaking my mind was aching and we were making it and you shook me all night long yeah you shook me all night long and knocked me out and then you shook me all night long you had me shakin and you shook me all night long yeah you shook me well you took me you really took me and you shook me all night long oh you shook me all night long yeah yeah you shook me all night long you really took me and you yeah you shook me yeah you shook me all night long,0,0,0,1,0,1
90,A Hard Day's Night,The Beatles,its been a hard days night and ive been working like a dog its been a hard days night i should be sleeping like a log but when i get home to you ill find the things that you do will make me feel alright you know i work all day to get you money to buy you things and its worth it just to hear you say youre going to give me everything so why on earth should i moan cause when i get you alone you know i feel ok when im home everything seems to be right when im home feeling you holding me tight tight yeah its been a hard days night and ive been working like a dog its been a hard days night i should be sleeping like a log but when i get home to you ill find the things that you do will make me feel alright oww so why on earth should i moan cause when i get you alone you know i feel ok when im home everything seems to be right when im home feeling you holding me tight tight yeah oh its been a hard days night and ive been working like a dog its been a hard days night i should be sleeping like a log but when i get home to you ill find the things that you do will make me feel alright you know i feel alright you know i feel alright,0,0,0,1,0,1
91,Alejandro,Lady Gaga,i know that we are young and i know that you may love me but i just cant be with you like this anymore alejandro shes got both hands in her pocket and she wont look at you wont look at you she hides true love en su bolsillo she got a halo around her finger around you you know that i love you boy hot like mexico rejoice at this point i gotta choose nothing to lose dont call my name dont call my name alejandro im not your babe im not your babe fernando dont wanna kiss dont wanna touch just smoke my cigarette and hush dont call my name dont call my name roberto alejandro alejandro alealejandro alealejandro alejandro alejandro alealejandro alealejandro stop please just let me go alejandro just let me go shes not broken shes just a baby but her boyfriends like a dad just like a dad and all those flames that burned before him now hes gonna fire fight gotta cool the bad you know that i love you boy hot like mexico rejoice at this point ive gotta choose nothing to lose dont call my name dont call my name alejandro im not your babe im not your babe fernando dont wanna kiss dont wanna touch just smoke my cigarette and hush dont call my name dont call my name roberto alejandro alejandro alealejandro alealejandro alejandro alejandro alealejandro alealejandro dont bother me dont bother me alejandro dont call my name dont call my name bye fernando im not your babe im not your babe alejandro dont wanna kiss dont wanna touch fernando dont call my name dont call my name alejandro im not your babe im not your babe fernando dont wanna kiss dont wanna touch just smoke my cigarette and hush dont call my name dont call my name roberto alejandro alejandro alealejandro alealejandro alejandro alejandro alealejandro alealejandro dont call my name dont call my name alejandro im not your babe im not your babe fernando dont wanna kiss dont wanna touch just smoke my cigarette and hush dont call my name dont call my name roberto alejandro,1,1,1,1,1,0
92,All The Lovers,Kylie Minogue,dance its all i wanna do so wont you dance im standing here with you why wont you move ill get inside your groove cause im on fire fire fire fire it hurts when you get too close but baby it hurts if love is really good you just want more even if it throws you to the fire fire fire fire all the lovers that have gone before they dont compare to you dont be frightened just give me a little bit more they dont compare all the lovers feel cant you see theres so much here to feel deep inside in your heart you know im real cant you see that this is really higher higher higher higher breathe i know you find it hard but baby breathe youll be next to me its all you need and ill take you there ill take you higher higher higher higher all the lovers that have gone before they dont compare to you dont be frightened just give me a little bit more they dont compare all the lovers dance its all i wanna do so wont you dance im standing here with you why wont you move even if it throws you to the fire fire fire fire fire fire all the lovers that have gone before they dont compare to you dont be frightened just give me a little bit more they dont compare all the lovers,0,0,0,1,1,1
93,We Have All The Time In The World,Louis Armstrong,we have all the time in the world time enough for life to unfold all the precious things love has in store we have all the love in the world if thats all we have you will find we need nothing more every step of the way will find us with the cares of the world far behind us we have all the time in the world just for love nothing more nothing less only love every step of the way will find us with the cares of the world far behind us yes we have all the time in the world just for love nothing more nothing less only love,0,0,0,1,0,0
94,All You Need Is Love,The Beatles,love love love love love love love love love theres nothing you can do that cant be done nothing that you can sing that cant be sung nothing you can say but you can learn how to play the game its easy theres nothing that you can make that cant be made no one you can save that can be saved nothing you can do but you can learn how to be you in time its easy all you need is love all you need is love all you need is love love is all you need love love love love love love love love love all you need is love all you need is love all you need is love love love is all you need theres nothing you can know that isnt known nothing you cant see that isnt shown theres nowwhere you can be that isnt where your meant to be its easy all you need is love all you need is love all you need is love love love is all you need all you need is love all together now all you need is love everybody all you need is love love love is all you needx about  times,0,0,0,1,0,0
95,A Love So Beautiful,Michael Bolton,the summer sun went down on our love long ago but in my heart i feel the same old afterglow a love so beautiful in every way a love so beautiful we let it slip away we were too young to understand to ever know that lovers drift apart and thats the way love goes a love so beautiful a love so free a love so beautiful a love for you and me and when i think of you i fall in love again a love so beautiful in every way a love so beautiful we let it slip away and when i think of you i fall in love again a love so beautiful we let it slip away a love so beautiful in every way a love so beautiful we let it slip away,0,0,0,1,1,0
96,Always On My Mind,Elvis Presley,maybe i didnt treat you quite as good as i should have maybe i didnt love you quite as often as i could have little things i should have said and done i just never took the time you were always on my mind you were always on my mind maybe i didnt hold you all those lonely lonely times and i guess i never told you im so happy that youre mine if i make you feel second best girl im so sorry i was blind you were always on my mind you were always on my mind tell me tell me that your sweet love hasnt died give me give me one more chance to keep you satisfied satisfied little things i should have said and done i just never took the time you were always on my mind you were always on my mind you were always on my mind maybe i didnt treat you quite as good as i should have maybe i didnt love you quite as often as i could have maybe i didnt hold you all those lonely lonely times and i guess i never told you im so happy that youre mine maybe i didnt treat you quite as good as i should have,0,1,0,1,1,0
97,And I Love Her,The Beatles,i give her all my love thats all i do and if you saw my love youd love her too i love her she gives my everything and tenderly the kiss my lover brings she brings to me and i love her a love like ours could never die as long as i have you near me bright are the stars that shine dark is the sky i know this love of mine will never die and i love her bright are the stars that shine dark is the sky i know this love of mine will never die and i love her,0,0,0,1,0,0
98,A Night Like This,Caro Emerald,from where you are you see the smoke start to arise where they play cards and you walk over softly moving passed the guards the stakes are getting higher you can feel it in your heart he calls you bluff he is the ace you never thought he played that much and now its more than all this cards you want to touch you never know if winning this could really be enough take a look beyond the moon you see the stars and when you look around you know the room by heart i have never dreamed it have you ever dreamed a night like this i cannot believe it i may never see a night like this when everything you think is incomplete starts happening when you are cheek to cheek could you ever dream it i have never dreamed dreamed a night like this how many times have i been waiting by the door to hear these chimes to hear that someone debonaire has just a arrived and opened up to see my world before my eyes that silhouette creates an image on the night i cant forget it has the scent of something special i cant rest if i resist temptation oh i know for sure that i will lose the bet i walk away and suddenly it seems im not alone in front of me he stands i stop before he goes i have never dreamed it have you ever dreamed a night like this i cannot believe it i may never see a night like this when everything you think is incomplete starts happening when you are cheek to cheek could you ever dream it i have never dreamed dreamed a night like this i have never dreamed it have you ever dreamed a night like this i cannot believe it i may never see a night like this when everything you think is incomplete starts happening when you are cheek to cheek could you ever dream it i have never dreamed dreamed a night like this,0,0,0,1,1,0
99,A Song For You,Ray Charles,well ive been a lot places in my life and time ive sung a lot of songs and ive made some bad rhymes i acted out my life in stages with ten thousand people watching now were alone and i am singing my song for you and i know your image of me is what i hope to be ive treated you unkindly but darling cant you see theres no one more important to me so darling cant you please see through me cause were alone now and im singin my song for you well you taught me precious secrets of a truth withholdin nothin you came out in front but i was hiding and now im so much better and if my words dont come together just listen to the melody for my loves in there hiding and i love you in a place where theres no space or time i love you for my life you are a friend of mine and when my life is over remember when we were together we were alone and i was singin my song for you well you taught me precious secrets of a truth withholdin nothin you came out in front but i was hiding and now im so much better and if my words dont come together listen to the melody for my love is in there hiding and i love you in a place where theres no space or time ive loved you for my life you are a friend of mine and when my life is over remember when we were together we were alone and i was singin my song for you we were alone and i was singin my song for you,0,0,0,1,1,0